{
	"type": "PowerTurret",
	"name": "Hadouken Turret",
	"description": "This is a blue turret.",
	"health": 1000,
	"size": 2,
	"reload": 500,
	"range": 300,
	"ammoUseEffect": "shellEjectSmall",
	"inaccuracy": 1,
	"rotatespeed": 12,
	"powerUse": 3,
	"shootSound":"hadouken",
	"shootType":
	 {
		 "type": "MissileBulletType",
    "lifetime": 500,
    "bulletSprite": "hadouken-mod-hadouken",
    "speed": 2,
    "splashDamageRadius": 2,
    "splashDamage": 9,
    "homingPower": 3,
    "homingRange": 100,
			"speed": 2,
			"damage": 500,
			"bulletWidth": 33,
			"bulletHeight": 50,
			"shootEffect": "shootSmall",
			"smokeEffect": "shootSmallSmoke",
	},
	"requirements": [
		{ "item": "lead", "amount": 400 },
		{ "item": "copper", "amount": 350 }
	],
	"category": "turret",
	"research": "duo"
}
